id,R_1,G_1,B_1,R_2,G_2,B_2,R_3,G_3,B_3,R_4,G_4,B_4,R_5,G_5,B_5,R_6,G_6,B_6,R_7,G_7,B_7,R_8,G_8,B_8,label
1,-1.079017,-0.260438,-0.202309,-2.315523,-3.437458,-3.354906,24.948885,1.695192,-0.553976,2.882932,-2.578995,-6.827339,-2.820083,-2.153441,-3.335415,2.313695,2.711093,-0.167464,-7.688057,-3.245841,-3.143859,-6.485555,-2.383618,-2.217686,1
2,-1.825334,-2.031962,-1.552812,3.056764,-0.016282,1.272629,22.779124,0.11369,-1.647396,14.578977,2.811889,-7.775813,-0.735203,-0.221691,-0.755869,-16.120631,-13.762932,0.076797,-29.302327,-10.54175,-1.786604,-16.380563,-12.006629,-3.461313,1
3,-1.780221,-0.060826,0.235793,-1.247018,-1.70464,-1.511906,22.993068,1.550532,-1.208258,-3.282845,-5.51663,-7.421163,-1.950251,-1.649254,-2.017091,-12.226425,-9.687921,-2.464723,-15.130486,-4.06807,-0.643278,-13.413053,-4.757222,-1.546895,1
4,0.163054,1.062417,0.793574,-0.110102,-1.980315,-1.089623,16.040678,0.207665,-0.412161,12.13913,7.171113,1.895049,-0.013144,0.676811,-0.06932,-3.148505,-1.187875,4.4353,-19.179542,-8.334127,-5.092498,-4.244295,-1.96592,1.121368,1
5,-1.354151,0.407831,0.34813,-2.686668,-2.896214,-3.232385,22.351894,2.146845,-0.520914,0.672947,-2.12533,-1.339564,-3.084057,-2.747023,-3.319336,-4.161578,-2.784108,-1.699895,-9.183924,-4.135597,-2.940363,-8.44507,-4.852215,-3.480451,1
6,-1.501414,0.773462,1.260438,-1.513252,-1.807138,-1.903768,23.194518,1.64231,-1.051313,-2.805213,-6.230147,-5.128562,-1.481225,-2.422561,-3.746849,-8.183417,-5.525329,-0.908312,-12.604379,-3.233747,-1.217091,-10.7151,-5.875681,-3.789659,1
7,-1.523764,0.280633,-0.238678,1.722527,0.970779,0.950542,20.561245,1.292374,-1.672089,1.827448,-1.187642,-3.425047,1.423434,-0.221014,-0.804788,-15.001192,-13.126688,-0.10172,-14.337477,-8.492343,-2.568352,-15.906174,-7.642292,-4.116226,1
8,-2.023487,0.014314,-0.38256,2.698535,2.327728,2.671017,19.879199,1.12192,-1.295908,2.942174,-0.117362,-1.209249,1.769061,0.166597,-0.297114,-10.058791,-7.024511,0.835164,-15.408736,-6.449015,-2.568187,-7.581054,-5.272995,-1.59752,1
9,-1.905922,0.612334,-0.669262,-0.536852,-0.638041,-0.802382,16.418915,1.645176,-0.234174,3.275793,0.437347,-0.212955,0.089401,-0.305203,-1.053426,-6.14428,-4.571097,-0.814927,-9.568749,-3.349848,-1.720287,-7.869275,-3.522549,-2.391608,1
10,0.127207,0.12041,0.367572,0.266238,-2.446248,-1.466132,16.484405,1.093051,-0.312759,10.31202,6.237755,0.820679,-3.194482,-3.123432,-3.251539,-11.148248,-9.269443,0.838953,-8.011714,-4.446239,0.226448,-2.995336,2.151581,2.927547,1
11,-2.453417,-2.357677,-2.195637,-2.467136,-3.653804,-2.750825,14.136568,-0.427016,-0.601921,7.467353,2.633697,-1.708443,-0.675752,-0.886739,-0.961851,-2.642536,-0.897546,2.153328,-9.060692,-4.294428,-3.068556,-1.274909,1.294542,0.437517,1
12,-0.528985,-0.294786,-0.320981,0.973593,-1.368754,-0.356731,13.83176,0.528941,-0.756716,10.129102,5.550048,-4.12254,1.077121,0.753276,0.420922,-18.019136,-15.206439,-0.272675,-20.679676,-8.775002,-2.238322,-14.750892,-4.202369,0.500389,1
13,-2.143602,-1.110068,-1.003089,-0.282155,-0.733988,-0.584595,16.687407,1.699496,0.889994,4.425001,1.366219,-0.949021,0.867404,-0.378436,-1.886185,-8.792691,-7.003696,-2.405261,-15.357549,-8.389573,-5.632965,-9.050846,-3.154674,-2.625241,1
14,0.273257,1.660883,2.284076,1.504158,0.820462,1.255219,15.625772,0.371723,-1.188436,1.815438,-1.173696,-1.960787,-2.282546,-2.451286,-2.82288,-11.743443,-8.610255,-0.489058,-14.599299,-5.164949,-1.258232,-15.057467,-7.437538,-4.611798,1
15,-2.761198,-1.071056,-0.907855,0.382718,0.090277,0.261725,17.290497,1.634912,-0.982098,2.18336,-0.84642,-1.124599,0.420225,-0.451349,-1.11651,-4.77967,-3.195273,-0.554865,-14.884534,-6.383119,-3.83209,-7.140412,-3.114102,-1.757689,1
16,-2.530056,-1.580639,-1.693942,4.106811,0.705362,2.079871,16.093934,0.249902,-1.796559,5.314368,2.163593,-3.042009,-2.404911,-2.130199,-3.162818,-30.840917,-27.64866,-5.000981,-32.720325,-11.675688,-2.171327,-13.568508,-7.427408,1.079741,1
17,-1.661311,-1.235441,-0.766557,1.505546,-1.369463,-0.120415,11.751994,-0.803204,-0.997273,11.260894,6.290978,-1.282954,-1.011309,-0.024253,-0.667399,-25.49039,-22.792781,-5.257902,-19.6353,-11.090292,-3.401999,-13.451209,-7.690018,-2.600359,1
18,-2.466038,-2.058061,-2.348782,-0.608026,-1.420398,-1.035949,8.168742,-0.12684,-0.499694,10.068307,5.148839,-0.709776,0.529266,0.403656,0.557438,-4.173089,-2.349073,1.019356,-6.794707,-2.292849,-1.433105,-6.374206,-2.966839,-2.893944,1
19,-0.444531,-0.116011,-0.264022,-3.099807,-4.336823,-3.762394,13.731548,0.627344,0.000492,11.456966,6.777956,0.828503,4.331568,3.806133,2.913434,-7.470015,-5.276268,2.216918,-16.074987,-6.565868,-3.015063,-6.342892,-1.152723,0.051536,1
21,-3.705818,-4.624287,-4.6708,2.971578,1.070947,1.6614,10.564239,1.365643,-0.830282,11.134384,6.660103,-0.854621,-1.376515,-0.134041,-0.642466,-23.238261,-19.761515,-3.671463,-19.154234,-6.825234,-1.570362,-17.563816,-10.430521,-4.322205,1
22,1.212367,0.221095,0.500902,7.490509,-2.320454,1.030499,13.553039,2.226375,0.722701,13.858933,8.098944,-5.488351,-1.878942,-1.576947,-2.515466,-37.423613,-33.207634,-4.857216,-27.991263,-13.864672,0.523884,-32.076748,-12.61472,-0.997524,1
23,-2.48479,-1.923007,-2.730586,-2.571789,-3.10288,-3.081076,7.66147,1.080411,0.102754,6.26361,2.933292,-0.138977,-3.092212,-2.830115,-3.251033,-7.846416,-5.33327,2.393367,-11.06609,-4.22763,-1.218487,-8.702368,-3.459592,-1.498118,1
24,3.814781,3.82957,4.035134,0.678299,0.193272,0.167417,9.773906,1.013859,-1.145589,2.799348,1.311498,0.893916,-1.56018,-1.523665,-1.804954,-7.652759,-6.284382,-1.424622,-7.484068,-1.571521,0.183902,-5.974844,-1.397966,-0.537957,1
25,0.456891,1.05235,1.310292,1.01097,0.771289,0.852148,10.346064,1.566485,-0.358809,4.07078,1.959508,0.633168,-1.172041,-1.398366,-1.603504,-9.850179,-7.132781,-0.970545,-11.499412,-3.655742,-1.497415,-4.544781,-1.073301,-0.599103,1
26,-1.284712,-1.812532,-1.234193,-3.408004,-5.871782,-5.070165,10.991014,1.363789,0.71288,15.292312,9.632341,-0.364265,-7.094576,-6.129729,-4.031135,-25.113028,-21.080263,-0.769464,-33.98227,-13.702232,-4.373183,-13.176546,-8.025694,-0.37594,1
27,-0.973512,-1.19264,-1.393612,0.294005,-1.991999,-1.251641,10.374707,1.988062,2.132329,9.401865,5.387144,0.185966,-0.627011,-0.656413,-0.448795,-7.496534,-5.552476,-2.184418,-14.319332,-8.289906,-4.74133,-7.226508,-4.4785,-2.596208,1
28,-2.257887,-2.912552,-2.869344,1.416679,0.136389,0.915761,8.781316,1.34731,1.17618,10.268504,6.790526,0.967837,1.544881,1.268437,1.349917,-13.934875,-10.997621,-3.968279,-6.855257,-5.018269,-0.051339,-0.898034,1.960079,2.477599,1
29,-0.286758,-1.322945,-1.021439,0.431819,-1.025305,-0.486592,10.739586,2.460768,2.158928,12.219225,8.633875,1.732645,0.640348,0.884807,1.002824,-19.014948,-16.196747,-3.42224,-20.520323,-7.702543,-2.984285,-9.551075,-4.75272,-1.430634,1
30,-1.635994,-1.393879,-1.258353,0.567687,-0.627284,0.044997,8.802665,1.606056,1.521932,9.016387,6.033405,1.956631,0.271491,0.05848,-0.465962,-4.980878,-2.905873,-0.713915,-4.915927,-3.162653,-0.770244,-1.746332,1.138397,1.628514,1
32,3.539056,4.619202,4.968246,2.505624,1.657247,2.044493,11.203986,-0.211663,-1.28603,0.710826,-0.285957,-0.432176,-0.784506,-1.586113,-1.960707,-5.355453,-3.739398,-2.491857,-6.627169,-2.233506,-2.246395,-7.081965,-2.980989,-2.287812,1
33,-2.112964,-2.048158,-1.726656,-2.849219,-3.117556,-3.267345,11.150162,0.7142,0.790732,5.766003,2.471285,-1.083409,-1.401316,-1.309327,-1.433387,-7.1294,-4.624669,0.190154,-7.77058,-4.909416,-1.801986,-5.682171,-3.059603,-0.172476,1
34,-2.005898,-2.792024,-3.109249,-7.257225,-6.599215,-6.062195,5.143828,-4.064319,-5.432689,19.155843,16.772478,4.452177,-3.189741,-4.564889,-3.371728,-20.288317,-18.566385,-10.427629,-11.756818,-4.904872,-3.392445,-3.348304,-11.092818,-7.492016,1
35,-0.000431,1.087248,1.803262,5.688038,3.402875,3.729667,11.788422,2.695044,3.59012,-5.530282,-7.93262,-3.668566,-0.027911,1.936114,-0.763169,-3.971216,0.094142,3.445589,-10.782187,-3.830377,-2.397825,-5.211349,10.28491,8.069298,1
36,1.013698,1.630253,2.574022,-2.562086,-5.282743,-4.518322,16.508779,2.92397,0.851775,2.706579,-0.530782,-5.127446,-7.927983,-6.682721,-7.584647,-19.59239,-16.86652,-0.552463,-19.800717,-9.95136,-2.439613,-19.969326,-7.669572,-2.430747,1
37,0.579292,1.077092,0.983889,-0.705323,-1.822297,-1.470258,14.004255,1.513064,-0.419088,2.279404,-1.096501,-3.706635,-2.234822,-1.87857,-2.444749,-15.592521,-12.487526,-2.026274,-27.418168,-14.971625,-9.046561,-15.722865,-6.838176,-3.451282,1
38,-1.491276,-1.110896,-1.122531,-2.469026,-3.116392,-3.166423,11.370842,0.293728,-1.145463,4.56845,2.112048,-1.39507,-3.916673,-3.345197,-3.859597,-8.828897,-6.767846,0.35761,-15.68,-6.904346,-5.086143,-9.357837,-5.446452,-3.694003,1
39,-0.261642,0.369458,0.862942,-3.343173,-3.394721,-3.750663,9.616297,0.67646,-1.129282,0.287815,-1.192945,-0.909528,-2.992706,-2.207647,-2.610058,-6.77915,-4.491686,-1.501797,-8.446364,-2.116288,-1.990005,-6.942994,-2.580354,-2.199063,1
40,-0.850868,0.178678,0.031901,0.246526,-0.855538,-0.719377,8.17521,-1.506802,-3.045808,3.60313,1.153804,-0.293337,-1.493087,-1.556646,-3.047392,-13.396329,-9.942747,-0.522451,-15.700434,-4.294706,-1.295825,-11.576989,-3.946612,-2.413007,1
41,-2.120132,-1.50283,-0.991574,0.045104,-0.7312,-0.478384,9.927694,0.127245,-1.837824,0.936865,-2.007226,-3.019171,-6.316673,-5.871385,-6.729936,-14.818302,-11.242283,-3.003751,-15.926625,-4.765111,-0.666601,-12.646441,-4.712812,-1.694625,1
43,-2.272169,-3.001622,-2.727208,-0.136096,-5.437568,-3.24134,11.909297,-0.47686,0.20969,10.07545,3.833102,-5.4859,-0.200281,-0.370287,-0.514162,-24.327155,-20.916977,5.710342,-33.47475,-10.827592,1.357445,-30.112309,-10.823833,0.513458,1
44,-0.084155,0.311619,0.354215,1.758583,-0.27727,0.3751,8.422485,0.13508,-0.935673,12.891725,7.655779,-0.149819,-2.883438,-2.222682,-2.846986,-18.358035,-15.02003,0.795373,-17.447202,-5.397756,0.142558,-15.348008,-5.054462,-0.727286,1
45,1.209719,1.973234,3.071554,0.416835,-0.848342,-0.376073,10.019083,0.418226,-0.462737,1.269793,-0.095732,0.220091,0.343709,-0.352819,-2.093939,-6.080132,-3.123394,4.395976,-7.945627,0.439367,3.028571,-6.383512,-1.076602,1.292681,1
46,-2.564369,-1.937274,-2.338121,-1.071564,-3.974153,-3.124789,13.610543,0.141819,-1.461907,-1.03438,-4.072256,-6.381952,-3.720116,-3.761613,-4.604461,-26.596914,-22.647391,-1.264283,-24.593132,-11.375493,-0.724384,-26.801014,-11.538861,-3.729503,1
47,-0.608621,-0.135739,-0.409453,-2.495457,-4.840029,-4.106712,11.292743,-0.425902,-1.647708,-0.021189,-2.741732,-3.72763,-1.876992,-2.066259,-2.475868,-21.247323,-18.358622,-0.177439,-25.610562,-7.801348,0.065266,-18.605512,-8.626787,-1.791451,1
48,1.200262,1.489959,1.675515,1.923696,1.726036,1.380201,6.82066,0.339506,0.011636,7.242529,4.277636,1.960813,-1.081124,-0.275484,-1.442519,3.217716,4.297514,-0.098741,0.011591,0.911296,0.662824,1.136844,2.213168,1.767033,1
49,0.785536,0.746502,0.982169,2.056913,0.512935,1.205566,2.198961,-0.612496,-0.218718,9.066083,3.557747,-0.859093,0.029046,0.178209,-1.880289,-2.256502,0.389031,1.980355,-4.225902,-0.207686,0.662752,-1.278552,0.905306,0.486781,1
50,-0.772481,-0.628734,-0.404037,1.939623,0.746853,1.247995,7.577979,-0.37167,-0.264649,11.526999,5.55622,1.505634,-0.270013,-0.219444,-1.767646,-2.724052,-0.647056,0.785763,-5.440365,-1.961407,0.035505,-3.035216,-0.29754,-0.020594,1
51,-2.756096,-2.365882,-2.442831,1.206219,-2.18526,-0.953948,13.46697,-0.68082,-1.569495,6.448581,1.419545,-3.626272,-3.698063,-3.931311,-4.33182,-22.616313,-19.770416,-2.207913,-28.871843,-10.263801,-2.798695,-19.255023,-6.880625,-1.899041,1
52,-0.118706,-0.158888,0.823916,1.786991,-2.169491,-0.715107,11.649199,-0.041179,-1.80141,11.216467,5.458033,-2.174483,-3.560689,-2.903482,-3.917151,-20.047009,-17.631819,1.019808,-25.726828,-8.325046,0.008781,-21.721262,-8.073554,-3.094945,1
53,-0.589997,0.510366,0.209934,0.784287,-0.169405,0.075083,7.596269,-1.157088,-0.915086,5.815316,1.229365,0.941655,-2.433131,-2.161202,-2.873181,-4.982108,-3.882519,0.275775,-9.938495,-4.368804,-2.265426,-7.695772,-3.088723,-2.440514,1
54,-0.058799,1.013788,0.556729,2.127693,0.228364,0.682699,8.564387,-0.728898,-0.059511,6.448142,1.489662,-1.527996,-2.017419,-1.520774,-2.45452,-14.900154,-11.887415,0.392328,-18.839268,-6.281996,-1.404605,-12.702816,-3.784581,-1.334695,1
55,-1.217169,-0.933684,-1.046773,-0.284594,-1.917096,-1.632894,8.724714,-1.092466,-0.556611,18.696618,8.819559,2.177414,-0.927271,-1.31413,-1.472426,-14.158313,-12.267129,-0.206382,-19.077593,-5.89989,-0.628938,-12.978231,-4.611171,-1.37698,0
56,-1.100483,-0.927434,-0.609746,1.317966,-0.091295,0.401098,10.217894,-0.358192,-1.956279,4.272711,-0.097353,-1.29751,0.138363,-0.212894,-1.275643,-7.085887,-5.345386,-6.294417,-11.609877,-7.133387,-4.564395,-7.414839,-3.627942,-2.439483,1
57,-1.647662,-1.691131,-1.793506,0.675447,0.34546,0.4519,8.181102,-1.1525,-1.62744,2.482039,-2.102313,-2.21021,-4.627905,-3.909552,-5.053644,-6.851815,-5.385202,0.976628,-10.30189,-4.57008,-1.446562,-6.465691,-1.164908,-0.514757,1
58,-0.747317,-0.754379,-0.607216,-1.90069,-2.304193,-2.280848,-2.217297,-1.383284,-1.214973,-1.991511,-4.883346,-5.282664,-3.839413,-2.337896,-3.059882,-5.083977,-2.65473,-1.134319,-5.824893,-2.497823,-2.347293,-5.757827,-2.445303,-2.069748,1
59,-1.722684,-1.908757,-2.175397,0.481393,-1.033527,-1.141775,10.657196,-0.182019,-1.839876,10.954717,3.831318,-1.486403,-2.600313,-2.273328,-3.575909,-19.103603,-15.79813,0.086738,-19.298998,-8.301724,-1.930927,-14.852538,-4.098632,-0.354976,1
60,-2.318497,-1.991668,-1.948853,0.643086,-0.311041,0.06289,7.475874,0.190936,0.137897,2.362212,-1.10029,-0.766224,-1.457422,-0.910822,-2.924004,-6.574851,-3.56458,1.188586,-10.72908,-4.35548,-0.982452,-10.646178,-3.857659,-1.928966,1
61,-3.982605,-2.540847,-2.986701,2.708378,2.806236,2.896043,11.042448,-0.186817,-2.38718,8.729667,5.750486,3.681534,-1.183667,-0.951323,-1.544914,-6.535688,-5.141266,-1.337477,-12.773726,-6.243657,-5.203575,-5.325566,-1.473782,-1.357531,0
62,2.08415,4.084257,4.480318,-11.63234,-11.520505,-11.22634,13.930773,2.7863,0.804872,5.111081,4.250138,2.951678,-15.056656,-13.351566,-13.277385,2.861905,2.763542,1.284412,-6.321929,-3.469297,-2.993046,1.605089,1.437975,0.31198,0
63,3.510929,5.487213,5.195722,-5.822225,-5.64714,-5.727904,12.071639,1.556626,1.107048,4.471772,2.506425,0.830328,-8.097994,-6.486538,-7.357857,-3.419656,-1.193424,1.26983,-12.663088,-6.305891,-4.147586,-8.183075,-4.340736,-2.910746,0
64,-3.762742,-3.253427,-3.196163,-4.046551,-4.849901,-4.634049,11.74723,0.137587,-0.179807,-1.068129,-3.637411,-4.22247,-2.090105,-2.015025,-1.973324,-12.757225,-10.410598,2.888583,-13.074116,-2.295985,1.652152,-8.128324,-0.812887,2.110665,0
65,-3.566241,-3.108673,-3.125791,-7.306522,-7.605154,-7.69425,8.079919,-0.349096,-1.225725,8.34226,6.308365,4.992542,-3.681951,-3.174348,-3.518147,4.340388,4.875587,2.696149,-8.854597,-4.685068,-4.580541,-4.738943,-2.883339,-2.678488,0
66,-3.217365,-2.291878,-2.314258,-1.940795,-2.624396,-1.904293,15.723817,1.225768,-0.363211,-2.499668,-3.972902,-3.453814,-1.494087,-0.721776,-1.720363,-10.33084,-7.320095,1.72073,-14.990511,-8.142072,-2.949899,-9.433066,-2.444042,-0.852377,0
67,5.649996,7.701134,8.791525,-7.371806,-7.052182,-7.001982,8.116448,-0.382053,-0.623481,6.892499,3.601013,1.008137,2.754803,2.741928,1.787741,-13.141739,-9.863206,-1.668864,-16.665782,-7.064172,-2.959737,-10.969257,-4.436239,-3.353956,0
68,3.888284,5.264805,6.152469,5.853966,5.819269,5.816679,3.206855,-1.966102,-1.800588,6.936405,5.673897,3.440156,-2.550285,-2.075634,-2.649168,1.34372,1.730659,-1.152068,-5.129546,-2.827151,-2.09132,-4.533504,-2.306658,-1.763648,1
69,5.234148,6.749374,7.903583,6.641023,6.060576,6.298391,9.396674,1.664428,1.223519,-1.460336,-3.747041,-2.724822,-9.328558,-7.237524,-7.274751,-18.032397,-15.153976,-2.083385,-24.547658,-10.940594,-4.921509,-17.843621,-8.259074,-4.246971,0
70,-1.335165,-1.496324,-0.204752,0.565741,-1.145797,-0.005884,8.79916,-0.699394,-1.518508,0.554944,-1.578801,-4.429279,-9.330366,-7.043437,-7.656942,-14.191459,-10.225079,-0.962132,-17.945171,-4.539886,-0.013665,-15.573059,-6.78968,-2.241463,0
71,5.544398,7.47011,7.892681,6.932162,5.876766,6.24821,11.140935,-0.060215,-0.817007,-3.777192,-6.332608,-7.19189,2.548335,2.557022,-0.28022,-3.17859,-1.820595,-1.449311,-8.361644,-4.409275,-4.751904,-2.946514,-0.137926,-0.903276,1
72,-4.305772,-5.056468,-4.497327,-4.644123,-6.801646,-4.86553,14.44823,0.813931,-0.166945,5.396543,2.57701,-3.406106,-2.968549,-2.59063,-3.080722,-25.792347,-22.402462,-1.83949,-22.273334,-4.871759,4.101694,-24.019388,-10.865545,-3.172078,1
73,-3.900108,-3.572122,-3.536788,-2.880506,-3.242545,-2.934167,12.889737,1.558912,-0.688057,0.734535,-2.084445,-3.846559,-5.912837,-5.150876,-5.333126,-2.775711,-0.587008,8.016114,-14.050364,-4.381793,-1.433743,-8.876804,-4.752036,-3.46671,0
75,-0.971465,-0.129842,0.104589,0.326495,-0.46495,-0.261195,4.689982,-1.807453,-2.491065,-1.328907,-2.295864,-2.304886,2.639227,2.886917,2.04383,-10.173558,-7.956293,-1.967038,-9.140064,-1.357896,0.939441,-6.054422,-2.013883,-2.144974,0
76,-1.219245,-0.809684,-0.401635,0.383235,-2.354984,-1.429505,11.894939,-1.300907,-2.290827,4.235529,0.548464,-5.991068,-6.869647,-6.048503,-6.878912,-27.255402,-24.503103,-4.625047,-27.688135,-6.232716,2.20549,-25.454145,-10.406815,-2.828873,1
77,1.607661,3.450919,3.580253,0.872546,0.906522,0.924249,13.662241,2.775464,-0.79832,7.937379,5.382315,4.117917,-8.478476,-5.938435,-7.694999,-2.618178,-1.4956,-1.57017,-1.162013,0.370492,1.942034,-14.387023,-9.094645,-6.66511,1
78,6.744064,8.475167,9.216422,-11.059356,-10.967096,-10.82349,6.918194,0.109826,-1.240602,-4.306818,-6.235531,-3.690683,11.30497,9.745339,9.59905,-11.738161,-10.071405,-5.648988,-17.534058,-8.14494,-4.897583,-4.723463,-0.964465,-1.453303,0
79,-5.045183,-4.715369,-4.710056,-1.995229,-1.934806,-1.915495,6.378079,-1.514972,-2.61829,10.449362,8.395189,6.259967,-9.95929,-7.318971,-8.434279,-16.151607,-12.947974,-4.015845,-16.69337,-4.519294,-0.774967,-5.966028,1.025582,2.333667,1
80,-1.700107,-1.045098,-1.437534,-0.709863,-0.511817,-0.860729,7.018022,-1.583281,-2.344874,9.696036,7.035012,4.774901,8.543969,6.266339,5.897521,-7.592279,-5.100533,-2.447819,-20.394809,-10.158997,-6.738856,-15.988762,-9.816927,-7.501779,1
81,4.670223,5.557566,6.065663,-1.925594,-2.271749,-2.539918,8.661317,-1.410452,-1.259885,2.833218,1.616267,-0.099206,4.975148,3.633763,2.8723,0.378306,1.156331,3.482476,-2.546813,-0.547197,-0.296775,-0.192561,-0.259347,-0.815071,1
82,1.252416,2.189159,2.292343,2.466108,2.284678,2.448278,6.646955,-0.866761,-2.12895,0.468219,-0.486611,-1.568107,2.716376,2.113759,1.444763,2.289857,2.986681,0.036473,0.357678,0.926322,-0.20728,0.066479,1.00363,0.473189,1
83,0.065112,0.692012,1.089549,1.622448,0.916475,1.098106,5.351339,-2.064675,-3.064235,1.607334,0.48097,-1.163712,2.291823,1.003156,0.870762,-1.423517,0.149857,-0.619985,-2.47193,-0.058453,-1.001905,-0.572274,-0.178084,0.062825,1
84,-0.110353,0.4439,0.560931,1.718411,0.54273,1.010097,5.378811,-0.495923,-1.060991,5.190429,2.415958,0.175796,0.619345,-0.285694,-0.489375,0.616212,1.343959,0.483573,-2.193871,-0.709346,-1.163834,-2.685556,-1.34446,-1.258196,1
85,-1.418123,-1.224436,-1.028226,1.620998,0.557542,0.886052,5.833549,-1.783222,-1.927091,4.191616,1.449488,-1.500517,-2.714137,-2.432882,-2.94355,-6.86227,-4.758225,1.283229,-14.185999,-5.09379,-2.366114,-5.22454,-1.58939,-1.85157,1
86,4.282786,5.415231,6.610997,3.688898,1.460116,1.665377,15.816402,1.528746,-0.40157,12.327393,8.040024,1.604433,1.548041,0.080738,-0.568544,-14.908904,-12.60239,2.73044,-15.463021,-2.513681,0.617149,-9.003634,-2.576738,-0.255292,1
87,1.258261,1.913983,1.62841,-0.598533,-1.189253,-1.098149,8.845108,0.374911,-0.512794,6.419928,3.246872,-0.009227,-1.008279,-1.622032,-2.474767,0.180265,0.913916,1.902052,-5.635901,-2.796291,-1.688789,-6.174171,-3.483358,-2.845442,1
88,2.486189,2.960988,3.731612,1.280087,0.777059,1.132634,7.084772,-0.283103,-1.636854,1.345238,0.030005,-0.749855,3.041789,1.812635,1.436707,-2.451811,-1.793455,-4.209605,-2.104418,-1.191945,-1.833451,-2.67695,-1.746386,-1.454558,1
89,2.212364,2.929241,3.478327,3.125846,2.571091,2.451336,9.521522,-0.014212,-1.480646,6.081583,3.273551,-0.78275,-2.303074,-1.639943,-2.571435,-14.001174,-11.805507,-0.849375,-8.693099,-1.833282,0.597557,-8.985848,-2.929535,0.020028,1
90,0.137205,-0.097504,0.199247,6.374876,3.848273,5.611326,7.819644,-0.795455,-2.362688,7.953383,3.844748,-0.16389,-0.764732,-1.382781,-0.880187,-21.423497,-19.091459,-2.285837,-18.226161,-6.801377,-2.08383,-16.244923,-5.862953,-1.121938,1
93,0.830387,2.12116,1.867784,1.790498,1.829765,1.770682,12.729275,1.979148,-0.092571,2.547436,1.224136,0.408087,3.277106,2.350308,1.299467,3.870756,4.741049,3.656276,-0.953414,1.306229,1.903138,-0.774746,0.764038,0.832604,1
94,-1.185016,0.124615,0.059799,2.346128,1.50394,1.839268,8.745788,-0.17371,-0.799764,-0.308867,-0.662475,-0.751884,1.599084,1.640085,-0.092841,11.979184,11.832112,5.090367,2.554899,2.190208,0.464489,0.87732,1.03231,0.361057,1
95,3.009269,3.361681,3.67432,5.671641,3.762154,4.636488,10.493116,-0.122202,-1.189513,5.249131,2.785847,-0.573332,-2.874531,-1.955554,-2.51515,-8.025012,-5.91734,2.011243,-15.200527,-4.558715,-0.34705,-13.722017,-5.813267,-2.103252,0
96,2.382884,2.684836,3.349545,7.765266,4.443736,6.887586,23.468005,2.979984,1.462564,11.027484,3.136799,-2.536047,-0.239129,-0.857986,-2.035628,-26.97589,-24.623207,1.060133,-31.995067,-14.503531,-2.514228,-40.420021,-16.890835,-1.811762,1
97,-1.374744,-1.425974,-0.964873,-0.329448,-0.99503,-0.328079,15.800675,-0.345738,-1.610941,2.550597,0.146521,1.10561,1.954649,1.212754,-0.389478,-9.723437,-7.710553,-1.665447,-5.164697,-1.448832,-0.950135,-6.358036,-1.236468,0.817943,1
98,2.013037,3.272808,3.507651,7.146944,6.235132,6.474579,12.178039,0.481156,-0.355316,5.020321,3.775544,3.655941,3.449027,2.885946,1.630956,1.211558,0.872356,-2.385272,-0.585607,0.33241,-1.00933,-0.767493,0.048694,0.561613,1
99,-1.344609,-1.627181,-2.042622,3.252455,2.195091,2.673508,14.576536,1.253516,-0.555874,-0.850335,-1.720052,0.880292,-1.635656,-1.502833,-2.777251,-15.259282,-12.687648,-3.264135,-14.173654,-6.318938,-2.46932,-9.140872,-2.542948,1.331449,1
100,0.842632,2.056908,1.323455,0.248831,-0.040613,0.068819,14.467849,2.992316,0.634674,1.593549,-0.093893,-0.453452,-0.735448,-1.035197,-2.841146,-5.855467,-4.866976,-0.599654,-4.751357,-0.709321,-0.867366,-6.856494,-2.805719,-1.01876,0
101,7.731052,9.184977,9.932865,11.905088,9.374712,10.411061,7.612879,-1.853646,-3.158507,15.649785,8.717509,-0.454801,8.464391,6.220534,5.20687,-23.276587,-22.549646,-5.056996,-23.097714,-7.775488,1.660219,-20.579223,-3.76934,3.966632,0
102,-1.663449,-2.157279,-2.19264,0.215666,-2.327939,-1.832174,7.195117,-1.325709,-2.613263,6.900656,2.397377,-2.145084,-3.807648,-3.824997,-3.503713,-14.960015,-13.225747,0.047442,-20.51365,-7.062658,0.177292,-31.901199,-16.365044,-5.931751,0
103,-3.700678,-3.866386,-4.787943,-2.047746,-4.833225,-4.259125,10.433625,0.047935,-1.614907,-2.711682,-6.93857,-8.969942,-3.901447,-3.927569,-4.503939,-13.479318,-11.425898,3.132841,-20.423627,-6.299925,0.912451,-26.17002,-11.214455,-1.83354,0
104,-1.887133,-2.219637,-2.708665,3.13547,0.460838,0.439099,10.872399,1.362552,-1.243725,11.979824,5.996962,-0.841107,2.208278,0.964044,0.183283,-17.82014,-15.690304,-1.398595,-20.168279,-7.801994,-2.744988,-22.612294,-7.843034,-1.139128,0
105,-1.898485,-2.317011,-2.340644,0.49837,-1.412034,-0.957558,9.429187,0.149867,-1.727196,9.823871,5.458826,1.238,-3.151026,-3.32757,-3.837168,-15.140696,-12.837331,1.143123,-21.753182,-9.588332,-3.750581,-21.136038,-6.517544,-0.903278,0
106,2.260527,2.362284,2.201837,-2.94124,-4.080768,-4.583158,14.29182,0.206062,-1.640033,2.854944,-1.218904,-5.47354,6.150192,4.548868,2.21322,-7.259049,-5.837104,0.564835,-10.021329,-3.639483,-2.41728,-11.397787,-3.380496,-0.743181,0
107,2.331528,2.2843,3.396945,5.177444,2.157382,3.48031,8.022313,-1.813537,-2.946146,15.829918,9.695408,1.981258,6.377031,4.94115,3.842961,-15.579248,-13.107733,2.439262,-18.941056,-5.955986,-0.095054,-19.259278,-7.358072,0.579277,0
108,2.15617,2.712568,2.21337,1.37889,-0.878271,-0.925642,7.096551,-2.089939,-3.426817,-1.699865,-5.392971,-6.48855,-6.211889,-6.291081,-6.096938,-13.165933,-10.352546,-1.001008,-14.426257,-6.368649,-3.712172,-10.466837,-2.146109,1.25543,0
109,3.66854,4.169601,4.488324,0.378857,-0.45722,-0.680969,10.238588,-0.632932,-1.674377,11.358254,6.14217,1.207731,-2.954433,-2.748532,-3.370217,-6.666694,-3.954148,2.532508,-15.846138,-7.009897,-4.205648,-12.439511,-4.452078,-0.546542,0
110,-0.878274,-0.961023,-0.814916,1.523921,0.80868,0.938816,11.349538,-1.225239,-2.721395,4.92805,-0.791859,-4.426594,1.410872,1.162338,-1.454819,-4.60964,-2.7907,4.100472,-10.087973,-3.899954,-1.426129,-10.792326,-2.508665,1.134877,0
111,2.25831,2.06979,1.967621,-2.174983,-4.125394,-4.695759,18.525659,0.806322,-2.261069,3.46545,-2.066312,-5.635959,-4.448973,-3.703113,-4.8674,-8.781742,-6.128254,3.237675,-15.67668,-6.010696,-1.605821,-26.336172,-11.010585,-4.03911,0
112,4.063039,5.396658,5.077567,4.254109,3.483265,2.961188,13.756293,0.782436,-1.161853,-2.514236,-6.227966,-6.905383,2.488714,1.370163,-0.127884,-1.168453,0.725574,6.973086,-7.533483,-0.542951,1.385878,-11.287023,-4.969001,-2.236671,0
113,2.89202,4.248751,4.774904,6.736843,5.702347,5.948518,7.681659,-1.590303,-3.233775,0.810014,-3.516438,-5.790903,-3.324009,-3.70012,-4.797456,-7.700213,-6.572359,-0.419523,-14.900868,-8.11681,-6.138109,-0.429028,4.528358,3.267122,0
114,-0.733206,-0.015025,-0.373713,-2.666289,-4.375684,-4.243317,9.213419,-1.312237,-2.725151,4.399443,0.83708,-1.501859,-2.362424,-2.580653,-3.664795,-6.178785,-5.063878,0.147248,-9.582315,-3.671815,-2.603471,-10.101266,-2.482772,-0.733099,0
115,1.392921,2.060258,2.104908,1.070508,0.141894,-0.621667,12.229839,-0.596096,-1.181238,9.548897,5.374936,3.579874,-3.029461,-3.018414,-4.144453,-10.797022,-8.584,-1.251913,-8.362966,-1.275966,-0.112751,-14.188561,-4.357104,-0.160665,0
116,4.283823,5.554872,6.295479,5.398895,4.343011,5.076982,16.420098,0.167578,-1.446647,6.251802,1.656541,-1.037684,5.63349,4.773028,2.22361,-16.582935,-14.308743,-2.95091,-10.287301,-2.449422,0.439678,-19.361078,-7.017407,-1.918011,0
117,2.412831,4.536753,3.879267,-4.255302,-5.123463,-5.405871,14.163043,-0.305836,-1.88512,10.558484,6.917181,4.582759,2.324728,0.318944,-2.07686,-12.924744,-10.82786,-0.882678,-10.354153,-2.434047,-0.88591,-9.728598,-2.354269,1.446951,1
118,-2.669052,-2.048574,-2.698005,8.335337,6.252221,7.325972,12.630507,-1.336824,-2.269882,-3.844898,-7.169638,-7.28438,-1.726199,-2.298242,-3.967453,-17.173396,-14.604143,-1.194589,-16.466539,-6.833613,-2.478771,-16.008921,-4.832172,0.800825,0
119,-4.38892,-4.819959,-4.923778,-0.050981,-1.517976,-2.114655,-4.966653,-4.803023,-3.758591,-2.773295,-5.147283,-1.799469,-6.726411,-6.136359,-8.991785,1.250588,0.953078,-2.247298,-5.518557,-3.179694,-2.86558,-9.12336,-5.960989,-3.513046,0
120,-4.272934,-4.501996,-6.045348,-2.93904,-4.134002,-5.555483,-8.918918,-3.090886,-2.219078,-1.597468,-9.331197,-4.149175,-3.444821,-2.778069,-6.695046,-8.179157,-6.57712,-6.922601,-10.349589,-6.182745,-5.014577,-8.961674,-4.438592,-1.40087,0
121,1.708825,3.967239,3.139205,6.508003,6.268551,6.276644,-0.716057,-1.615103,-0.941621,-12.082756,-11.972141,-5.511336,-7.429396,-6.227617,-8.213436,-0.396046,0.790742,-1.48769,-10.087187,-5.937368,-4.833141,-2.331096,-0.104663,-0.056475,0
122,5.513814,7.259766,6.316737,9.46685,9.153989,9.194408,1.135918,-0.356941,0.231636,-9.081249,-9.972404,-5.558518,-0.86584,-0.719129,-2.825497,-5.799401,-3.966532,-4.313723,-9.790432,-4.779148,-4.395974,-6.31768,-1.948337,-0.38807,0
123,0.73198,1.571776,1.81794,4.137584,2.639015,2.972898,3.070293,0.014543,0.127035,-2.877822,-3.718106,-0.309287,-1.275942,-2.457605,-3.80406,-5.63803,-3.803879,2.951605,-6.348038,-1.963352,-0.315793,-8.59175,-1.42501,1.268007,0
124,4.484599,5.525198,5.726615,7.806664,6.064756,6.646027,0.782285,-0.343226,-0.021673,-0.533433,-1.382947,1.939743,0.863099,-0.590889,-1.739747,-10.463104,-8.577441,-1.516813,-6.813271,-1.022023,-1.017708,-3.392262,1.801494,2.526889,0
125,-6.376648,-7.318898,-8.331087,4.792227,4.375407,4.122933,3.331906,1.809388,1.97645,-1.899855,-3.828488,-0.489696,3.778169,2.784311,0.050514,-8.648285,-6.758069,-4.668342,-13.124916,-6.507277,-4.204517,-13.963332,-6.519505,-4.164716,0
126,-4.33752,-4.514585,-4.527805,2.196007,1.890326,1.821251,1.836619,-1.945226,-2.161238,-6.587252,-7.649651,-3.042922,-0.713237,-1.035772,-2.83456,-1.897952,-0.20897,0.777743,-7.422681,-2.478143,-1.765642,-8.2845,-2.776102,-1.537847,0
127,-4.090933,-4.01622,-4.789514,-2.440064,-2.243336,-3.218419,1.439934,-1.206957,-1.038281,-1.128048,-4.051136,-3.958711,-4.948533,-5.21684,-6.925046,-3.973026,-2.871677,-0.623376,-1.739413,1.119868,0.632779,-6.13773,-2.031126,-1.060945,0
128,-3.129902,-3.122857,-3.789018,0.735489,0.765665,0.602552,1.758904,0.281522,0.544576,2.733759,0.439421,1.08611,-6.28835,-5.698504,-6.60732,-3.645791,-1.155758,-1.684146,-6.90709,-2.484108,-2.056724,-8.894975,-2.941401,-1.993295,0
129,-0.782129,-0.043474,-0.319332,2.15939,1.817127,1.257043,4.292632,-0.884305,0.968143,-5.027472,-5.308768,-1.162529,4.638719,4.441674,2.357734,-14.392907,-10.647619,-2.357288,-11.0204,-2.361926,0.252139,-16.654874,-5.364451,-0.603677,1
130,4.932474,4.780194,5.090937,1.875913,1.623004,1.467472,2.373715,1.124052,1.954684,-9.491206,-10.297215,-3.925218,4.196499,3.303109,1.448659,0.477548,2.438723,1.70089,-9.419457,-3.613663,-1.958871,-10.363837,-3.754985,-2.514716,0
131,-2.437103,-2.308279,-2.544112,-3.197179,-3.35778,-4.054306,7.809551,1.505819,0.975646,-9.362899,-10.13169,-3.979276,-4.210174,-4.63572,-5.528485,1.650108,3.061995,0.797344,-3.967104,-1.581964,-1.141696,-7.846255,-4.003516,-3.136632,0
132,2.702253,3.100649,2.935898,-0.829531,-1.205464,-1.676765,5.777191,-0.136789,0.976817,-1.8371,-3.760626,-1.463575,-4.315139,-3.743889,-5.410324,-7.540845,-4.856798,-4.455995,-9.822462,-4.237183,-3.057295,-10.544062,-4.995128,-2.665774,0
133,3.255733,3.319196,3.598931,-4.001218,-4.38554,-4.444193,3.622808,-0.290876,1.091286,-6.557904,-7.722119,-2.53543,0.293147,-0.045601,-1.919366,0.133197,0.935057,1.143862,-4.543625,-2.421678,-1.95817,-5.23524,-1.957134,-2.374171,0
134,-1.98385,-1.997948,-2.903622,5.459289,2.838721,3.985691,3.214717,-0.265018,-0.331914,0.160893,-3.15345,-1.274302,-4.139022,-4.455485,-5.325322,-24.20942,-20.965414,-2.162728,-22.221136,-8.730953,-2.902063,-32.848906,-12.333996,-4.074957,0
135,-0.221,0.054378,-0.107878,0.417726,0.671182,0.835197,4.041172,0.556726,0.41804,-3.01896,-4.422745,-0.232434,-5.255678,-4.701378,-6.052604,-2.733504,-1.040489,-1.893153,-10.494796,-5.572495,-3.615752,-10.232906,-4.830722,-3.210001,0
136,4.680067,4.512426,4.852673,-0.201171,-0.611897,-0.797363,9.333817,0.688191,-0.966969,9.060657,4.426168,1.640837,-6.323753,-5.163404,-5.491461,-14.188972,-11.912819,-0.148972,-14.643073,-5.884136,-1.612939,-19.286986,-7.287923,-1.454253,0
137,2.674754,3.920877,3.505134,-5.347172,-3.366676,-0.475639,6.922104,0.103635,-1.519891,2.231807,-1.909981,-1.751707,-12.643614,-10.736898,-11.331173,-2.334073,-1.439432,0.453189,-10.754021,-5.085754,-2.820887,-18.814592,-9.654083,-5.739681,0
138,-2.502605,-2.861332,-3.245957,-0.87746,-0.845904,-1.220137,5.147995,-0.229864,-1.050887,-0.877197,-3.880208,-4.887151,-8.05669,-7.454259,-8.377026,-2.778083,-1.701839,-1.015519,-10.130913,-6.269624,-4.918937,1.392905,3.003213,2.455771,0
139,1.041758,2.077849,1.240201,3.30155,1.962015,2.574812,2.160254,-0.836917,-1.348614,1.859833,-0.131152,-0.225819,-5.088281,-4.635774,-5.666509,0.842896,1.600103,-1.71104,-4.74778,-2.711876,-2.715517,0.719585,1.401895,1.547325,0
140,2.780667,3.291454,2.922047,2.470576,2.224662,2.07778,0.905754,-2.261045,-1.614758,-7.571809,-7.451414,-3.057995,2.362058,1.617055,-0.637698,-3.692379,-1.856708,-2.484357,-12.279917,-7.532511,-5.841398,-9.229244,-4.268348,-3.897089,0
